Designator,Footprint,Quantity,Value,LCSC Part #
"C1, C2, C3, C4",0805,4,10µ, C1713
"C5, C6, C7, C9",0805,4,100n,C1711 
C8,0805,1,2.2n,C1728
"R1, R2",0805,2,5.1k,C702837
R3,0805,1,2k, C1359
"R4, R5",0805,2,4.7k, C702835 
R6,0805,1,10k, C702829
R7,0805,1,330,C48928214
U1,WIFI-SMD_ESP32-WROOM-32E,1,ESP32-WROOM-32E,C701343
U2,QFN-20_L3.0-W3.0-P0.40-BL,1,MPR121QR2,C91322
U3,QFN-24_L4.0-W4.0-P0.50-BL-EP2.7,1,MPU-6050_C24112,C24112
U4,ESOP-8_L4.9-W3.9-P1.27-LS6.0-BL-EP,1,TP4056,C16581
U5,SOT-223-3_L6.5-W3.4-P2.30-LS7.0-BR,1,AMS1117-3.3,C6186
U6,CONN-TH_S2B-PH-K-S-LF-SN,1,S2B-PH-K-S,C173752
U7,SW-TH_SHOU-HAN_SS12D10G4,1,SS12D10G5,C7431054
USBC1,USB-C_SMD-TYPE-C-31-M-12_1,1,TYPE-C-31-M-12,C165948
