Designator,Mid X,Mid Y,Rotation,Layer
C1,128.0,-112.5,0.0,top
C2,128.0,-115.51,0.0,top
C5,96.05,-100.0,0.0,top
ELE10,99.0,-114.5,0.0,bottom
ELE11,109.5,-114.5,0.0,bottom
ELE3,90.5,-88.0,0.0,bottom
ELE4,81.5,-88.0,0.0,bottom
ELE5,72.5,-88.0,0.0,bottom
ELE6,63.0,-100.0,0.0,bottom
ELE7,72.0,-115.0,0.0,bottom
ELE8,81.0,-115.0,0.0,bottom
ELE9,90.0,-115.0,0.0,bottom
R4,126.0875,-101.0,0.0,top
R5,87.0875,-103.0,0.0,top
R6,126.0875,-97.5,0.0,top
TP15,119.0,-102.0,0.0,bottom
TP16,109.5,-88.5,0.0,bottom
TP17,99.5,-88.0,0.0,bottom
U1,126.4175,-85.189,0.0,top
U2,90.11,-99.8,90.0,top
U3,120.99,-116.5,90.0,top
U6,60.975,-78.0,180.0,top
